zone;46.77
woman;52.0
visitors;43.62
suites;75.43
sparc;39.88
enhancing;35.67
revelation;31.71
councils;58.11
un;51.67
gathered;61.85
embassy;51.36
mon;57.2
latvia;52.71
byte;49.2
chicago;55.69
portfolio;46.14
financing;56.0
air;41.27
stream;44.18
mines;52.1
obvious;51.82
philadelphia;52.83
mailman;66.11
juice;49.69
plants;59.5
is;40.87
recording;35.25
watch;46.1
tears;57.57
physician;55.08
muscle;40.36
deadline;47.45
awesome;48.53
appropriations;43.4
grows;43.12
info;43.73
information;33.5
patrol;36.57
fill;39.73
tu;54.38
inbox;40.0
acute;44.93
andrew;55.67
tray;56.29
irish;58.2
driving;55.56
brazilian;38.27
satisfactory;28.85
leo;52.17
maiden;50.75
separation;56.67
compromise;59.29
burning;54.67
clinics;47.73
diamond;55.86
altered;60.64
andreas;48.33
photographer;74.2
pack;50.4
thumbzilla;48.25
phases;49.5
path;41.71
peaceful;60.75
disclosure;46.91
enclosed;36.8
mating;70.33
filled;55.7
bolivia;51.5
stockings;50.43
secrets;47.5
fed;51.86
ruby;45.83
fisting;59.71
wondering;67.43
liz;58.4
mark;47.88
classes;52.42
surfing;67.6
memory;48.83
projectors;42.5
judicial;73.75
items;42.3
loving;54.81
lu;41.29
balloon;47.6
wicked;41.4
value;56.38
prediction;66.44
language;61.25
executed;45.0
expertise;71.5
di;38.67
skype;53.75
twice;49.91
manuals;28.83
middle;30.71
focus;53.33
mi;54.22
across;47.25
eng;43.5
